Area,Production_quantity_tonnes,Area_harvested_hectar,export_quantity_tonnes,export_value_1000_usd
Brazil,1912080.6825396826,2403731.9523809524,1218108.4347619049,2581524.507936508
Colombia,655110.8987301587,857889.2063492064,554371.7273015874,1501956.8412698412
Indonesia,435206.09095238097,796926.0158730159,278107.85793650796,502034.5396825397
Uganda,191142.76,307538.1904761905,181559.37555555557,282473.74603174604
Viet Nam,535367.4261904762,240743.30,500139.98825396824,809723.5555555555
